player_name,team_name,battingStyle,bowlingStyle,playingRole
Jonny Bairstow,England,Right-hand bat,Right-arm fast-medium,Wicketkeeper Batter
Joe Root,England,Right hand Bat,Right arm Offbreak,Top order Batter
Jos Buttler,England,Right hand Bat, ,Wicketkeeper Batter
Will Young,New Zealand,Right hand Bat,Right arm Offbreak,Top order Batter
Rachin Ravindra,New Zealand,Left hand Bat,Slow Left arm Orthodox,Top order Batter
Imam-ul-Haq,Pakistan,Left hand Bat, ,Top order Batter
Babar Azam,Pakistan,Right hand Bat,Right arm Offbreak,Top order Batter
Saud Shakeel,Pakistan,Left hand Bat, ,Middle order Batter
Hasan Ali,Pakistan,Right hand Bat,Right arm Fast medium,Bowler
Shaheen Afridi,Pakistan,Left hand Bat,Left arm Fast medium,Bowler
Teja Nidamanuru, ,Right hand Bat,Right arm Offbreak, 
Scott Edwards, ,Right hand Bat, ,Wicketkeeper Batter
Saqib Zulfiqar, ,Right hand Bat,Right arm Fast, 
Aryan Dutt, ,Right hand Bat,Right arm Offbreak, 
Rahmat Shah,Afghanistan,Right hand Bat,Right arm Offbreak,Top order Batter
Hashmatullah Shahidi,Afghanistan,Left hand Bat,Left arm Orthodox,Top order Batter
Tanzid Hasan,Bangladesh,Left hand Bat,Right arm Offbreak,Top order Batter
Temba Bavuma,South Africa,Right hand Bat,Right arm Medium fast,Top order Batter
Rassie van der Dussen,South Africa,Right hand Bat, ,Top order Batter
Marco Jansen,South Africa,Left hand Bat,Left arm Medium fast,Allrounder
Kusal Janith Perera,Sri Lanka,Left hand Bat, ,Top order Batter
Sadeera Samarawickrama,Sri Lanka,Right hand Bat, ,Top order Batter
Dunith Wellalage, ,Left hand Bat,Left arm Medium fast, 
Matheesha Pathirana, ,Right hand Bat,Right arm Fast, 
Dilshan Madushanka, ,Right hand Bat,Right arm Fast, 
Steve Smith,Australia,Right hand Bat,Right arm Legbreak,Top order Batter
Marnus Labuschagne,Australia,Right hand Bat,Right arm Legbreak,Top order Batter
Alex Carey,Australia,Left hand Bat, ,Wicketkeeper Batter
Rohit Sharma,India,Right hand Bat,Right arm Offbreak,Top order Batter
Ishan Kishan,India,Left hand Bat, ,Top order Batter
Shreyas Iyer,India,Right hand Bat,Right arm Offbreak,Top order Batter
Tom Latham,New Zealand,Left hand Bat, ,Top order Batter
Mark Chapman,New Zealand,Left hand Bat,Left arm Orthodox,Middle order Batter
Matt Henry,New Zealand,Right hand Bat,Right arm Fast medium,Bowler
Sybrand Engelbrecht, ,Right hand Bat,Right arm Medium fast, 
Ryan Klein, ,Right hand Bat,Right arm Fast medium, 
Reece Topley,England,Left hand Bat,Left arm Fast medium,Bowler
Tanzim Hasan,Bangladesh,Left hand Bat,Right arm Offbreak,Top order Batter
Mushfiqur Rahim,Bangladesh,Right hand Bat,Right arm Offbreak,Middle order Batter
Towhid Hridoy,Bangladesh,Right hand Bat,Right arm Medium fast,Middle order Batter
Mahedi Hasan,Bangladesh,Right hand Bat,Right arm Offbreak,Allrounder
Abdullah Shafique,Pakistan,Right hand Bat, ,Top order Batter
Josh Inglis,Australia,Right hand Bat, ,Wicketkeeper Batter
Gerald Coetzee,South Africa,Right hand Bat,Right arm Fast,Bowler
Travis Head,Australia,Left hand Bat,Right arm Offbreak,Middle order Batter
Mahmudullah,Bangladesh,Right hand Bat,Right arm Offbreak,Middle order Batter
Kane Williamson,New Zealand,Right hand Bat,Right arm Offbreak,Top order Batter
Shubman Gill,India,Right hand Bat, ,Top order Batter
Ikram Alikhil,Afghanistan,Left hand Bat, ,Wicketkeeper Batter
Usama Mir,Pakistan,Right hand Bat,Right arm Legbreak,Bowler
Dushan Hemantha, ,Right hand Bat,Right arm Medium fast, 
Reeza Hendricks,South Africa,Right hand Bat, ,Top order Batter
David Willey,England,Left hand Bat,Left arm Medium fast,Bowler
Gus Atkinson, ,Right hand Bat,Right arm Fast medium, 
Ravindra Jadeja,India,Left hand Bat,Left arm Orthodox,Allrounder
Mohammad Wasim Jr,Pakistan,Right hand Bat,Right arm Medium fast,Bowler
Jimmy Neesham,New Zealand,Left hand Bat,Right arm Fast medium,Allrounder
Wesley Barresi, ,Right hand Bat, ,Wicketkeeper Batter
Jasprit Bumrah,India,Right hand Bat,Right arm Fast medium,Bowler
Kuldeep Yadav,India,Left hand Bat,Left arm Chinaman,Bowler
Dimuth Karunaratne,Sri Lanka,Left hand Bat,Right arm Medium,Top order Batter
Angelo Mathews,Sri Lanka,Right hand Bat,Right arm Fast medium,Allrounder
Noor Ahmad,Afghanistan,Left hand Bat,Left arm Chinaman,Bowler
Andile Phehlukwayo,South Africa,Left hand Bat,Right arm Medium fast,Allrounder
Agha Salman,Pakistan,Right hand Bat,Right arm Offbreak,Allrounder
Mohammed Siraj,India,Right hand Bat,Right arm Fast medium,Bowler
Shardul Thakur,India,Right hand Bat,Right arm Fast medium,Bowler
Lizaad Williams,South Africa,Right hand Bat,Right arm Fast medium,Bowler
Sean Abbott,Australia,Right hand Bat,Right arm Fast medium,Bowler
Dawid Malan,England,Left hand Bat,Legbreak,Top order Batter
Harry Brook,England,Right hand Bat,Right arm Medium,Batter
Moeen Ali,England,Left hand Bat,Right arm Offbreak,Batting Allrounder
Liam Livingstone,England,Right hand Bat,Legbreak,Batting Allrounder
Sam Curran,England,Left hand Bat,Left arm Medium fast,Allrounder
Chris Woakes,England,Right hand Bat,Right arm Fast medium,Allrounder
Adil Rashid,England,Right hand Bat,Legbreak,Bowler
Mark Wood,England,Right hand Bat,Right arm Fast,Bowler
Devon Conway,New Zealand,Left hand Bat,Right arm Medium,Wicketkeeper Batter
Fakhar Zaman,Pakistan,Left hand Bat,Slow Left arm Orthodox,Opening Batter
Mohammad Rizwan,Pakistan,Right hand Bat,,Wicketkeeper Batter
Iftikhar Ahmed,Pakistan,Right hand Bat,Right arm Offbreak,Middle order Batter
Mohammad Nawaz,Pakistan,Left hand Bat,Slow Left arm Orthodox,Allrounder
Shadab Khan,Pakistan,Right hand Bat,Legbreak,Allrounder
Haris Rauf,Pakistan,Right hand Bat,Right arm Fast,Bowler
Vikramjit Singh,Netherlands,Left hand Bat,Right arm Medium fast,Opening Batter
Max O'Dowd,Netherlands,Right hand Bat,Right arm Offbreak,Opening Batter
Colin Ackermann,Netherlands,Right hand Bat,Right arm Offbreak,Batting Allrounder
Bas de Leede,Netherlands,Right hand Bat,Right arm Fast medium,Batting Allrounder
Roelof van der Merwe,Netherlands,Right hand Bat,Slow Left arm Orthodox,Allrounder
Logan van Beek,Netherlands,Right hand Bat,Right arm Medium fast,Bowler
Paul van Meekeren,Netherlands,Right hand Bat,Right arm Fast medium,Bowler
Rahmanullah Gurbaz,Afghanistan,Right hand Bat,,Wicketkeeper Batter
Ibrahim Zadran,Afghanistan,Right hand Bat,Right arm Medium fast,Opening Batter
Najibullah Zadran,Afghanistan,Left hand Bat,Right arm Offbreak,Middle order Batter
Mohammad Nabi,Afghanistan,Right hand Bat,Right arm Offbreak,Allrounder
Azmatullah Omarzai,Afghanistan,Right hand Bat,Right arm Medium fast,Allrounder
Rashid Khan,Afghanistan,Right hand Bat,Legbreak Googly,Bowling Allrounder
Mujeeb Ur Rahman,Afghanistan,Right hand Bat,Right arm Offbreak,Bowler
Naveen-ul-Haq,Afghanistan,Right hand Bat,Right arm Medium fast,Bowler
Fazalhaq Farooqi,Afghanistan,Right hand Bat,Left arm Fast medium,Bowler
Litton Das,Bangladesh,Right hand Bat,,Wicketkeeper Batter
Mehidy Hasan Miraz,Bangladesh,Right hand Bat,Right arm Offbreak,Allrounder
Najmul Hossain Shanto,Bangladesh,Left hand Bat,Right arm Offbreak,Top order Batter
Shakib Al Hasan,Bangladesh,Left hand Bat,Slow Left arm Orthodox,Allrounder
Mustafizur Rahman,Bangladesh,Left hand Bat,Left arm Fast medium,Bowler
Quinton de Kock,South Africa,Left hand Bat,,Wicketkeeper Batter
Aiden Markram,South Africa,Right hand Bat,Right arm Offbreak,Opening Batter
Heinrich Klaasen,South Africa,Right hand Bat,Right arm Offbreak,Wicketkeeper Batter
David Miller,South Africa,Left hand Bat,Right arm Offbreak,Middle order Batter
Pathum Nissanka,Sri Lanka,Right hand Bat,,Top order Batter
Kusal Mendis,Sri Lanka,Right hand Bat,Legbreak,Wicketkeeper Batter
Charith Asalanka,Sri Lanka,Left hand Bat,Right arm Offbreak,Batting Allrounder
Dhananjaya de Silva,Sri Lanka,Right hand Bat,Right arm Offbreak,Allrounder
Dasun Shanaka,Sri Lanka,Right hand Bat,Right arm Medium,Allrounder
Kasun Rajitha,Sri Lanka,Right hand Bat,Right arm Medium fast,Bowler
David Warner,Australia,Left hand Bat,Legbreak,Opening Batter
Mitchell Marsh,Australia,Right hand Bat,Right arm Medium,Allrounder
Glenn Maxwell,Australia,Right hand Bat,Right arm Offbreak,Batting Allrounder
Cameron Green,Australia,Right hand Bat,Right arm Fast medium,Batting Allrounder
Pat Cummins,Australia,Right hand Bat,Right arm Fast,Bowler
Mitchell Starc,Australia,Left hand Bat,Left arm Fast,Bowler
Adam Zampa,Australia,Right hand Bat,Legbreak Googly,Bowler
Josh Hazlewood,Australia,Left hand Bat,Right arm Fast medium,Bowler
Virat Kohli,India,Right hand Bat,Right arm Medium,Top order Batter
KL Rahul,India,Right hand Bat,,Opening Batter
Hardik Pandya,India,Right hand Bat,Right arm Medium fast,Allrounder
Daryl Mitchell,New Zealand,Right hand Bat,Right arm Medium,Allrounder
Glenn Phillips,New Zealand,Right hand Bat,Right arm Offbreak,Wicketkeeper Batter
Mitchell Santner,New Zealand,Left hand Bat,Slow Left arm Orthodox,Bowling Allrounder
Taskin Ahmed,Bangladesh,Left hand Bat,Right arm Fast,Bowler
Shoriful Islam,Bangladesh,Left hand Bat,Left arm Medium fast,Bowler
Maheesh Theekshana,Sri Lanka,Right hand Bat,Right arm Offbreak,Bowler
Kagiso Rabada,South Africa,Left hand Bat,Right arm Fast,Bowler
Keshav Maharaj,South Africa,Right hand Bat,Slow Left arm Orthodox,Bowler
Marcus Stoinis,Australia,Right hand Bat,Right arm Medium,Batting Allrounder
Tabraiz Shamsi,South Africa,Right hand Bat,Left arm Wrist spin,Bowler
Chamika Karunaratne,Sri Lanka,Right hand Bat,Right arm Medium fast,Bowling Allrounder
Lahiru Kumara,Sri Lanka,Left hand Bat,Right arm Fast,Bowler
Lungi Ngidi,South Africa,Right hand Bat,Right arm Fast medium,Bowler
Nasum Ahmed,Bangladesh,Left hand Bat,Slow Left arm Orthodox,Bowler
Ben Stokes,England,Left hand Bat,Right arm Fast medium,Allrounder
Lockie Ferguson,New Zealand,Right hand Bat,Right arm Fast,Bowler
Trent Boult,New Zealand,Right hand Bat,Left arm Fast medium,Bowler
Suryakumar Yadav,India,Right hand Bat,"Right arm Medium, Right arm Offbreak",Batter
Mohammed Shami,India,Right hand Bat,Right arm Fast,Bowler
Hasan Mahmud,Bangladesh,Right hand Bat,Right arm Medium,Bowler
Shariz Ahmad,Netherlands,Left hand Bat,Legbreak Googly,Bowler
Dushmantha Chameera,Sri Lanka,Right hand Bat,Right arm Fast,Bowler
Tim Southee,New Zealand,Right hand Bat,Right arm Medium fast,Bowler
Ravichandran Ashwin,India,Right hand Bat,Right arm Offbreak,Bowling Allrounder
Ish Sodhi,New Zealand,Right hand Bat,Legbreak,Bowler
